1;1,49;879;120
2;1,9;999;4294967176
3;1,81;999;0
4;1,39;999;0
5;1,51;999;0
6;1,93;999;0
7;1,77;999;0
8;1,35;999;0
9;1,54;999;0
10;1,98;999;0
11;1,75;999;0
12;1,3;999;0
13;1,57;999;0
14;2,02;999;0
15;1,72;999;0
16;1,26;999;0
17;1,6;999;0
18;2,04;999;0
19;1,69;999;0
20;1,28;999;0
21;1,63;999;0
22;2,01;999;0
23;1,66;999;0
24;1,31;999;0
25;1,66;999;0
26;1,99;999;0
27;1,63;999;0
28;1,33;999;0
29;1,69;999;0
30;1,97;999;0
31;1,6;999;0
32;1,35;999;0
33;1,72;999;0
34;1,94;999;0
35;1,56;999;0
36;1,38;999;0
37;1,76;999;0
38;1,91;999;0
39;1,53;999;0
40;1,4;999;0
41;1,79;999;0
42;1,89;999;0
43;1,5;999;0
44;1,43;999;0
45;1,82;999;0
46;1,86;999;0
47;1,46;999;0
48;1,45;999;0
49;1,86;999;0
50;1,83;999;0
51;1,43;999;0
52;1,48;999;0
53;1,89;999;0
54;1,81;999;0
55;1,39;999;0
56;1,51;999;0
57;1,93;999;0
58;1,78;999;0
59;1,36;999;0
60;1,54;999;0
61;1,97;999;0
62;1,75;999;0
63;1,31;999;0
64;1,57;999;0
65;2,01;999;0
66;1,72;999;0
67;1,26;999;0
68;1,6;999;0
69;2,04;999;0
70;1,69;999;0
71;1,28;999;0
72;1,63;999;0
73;2,01;999;0
74;1,67;999;0
75;1,3;999;0
76;1,65;999;0
77;1,99;999;0
78;1,63;999;0
79;1,33;999;0
80;1,69;999;0
81;1,97;999;0
82;1,6;999;0
83;1,35;999;0
84;1,72;999;0
85;1,94;999;0
86;1,57;999;0
87;1,37;999;0
88;1,75;999;0
89;1,92;999;0
90;1,54;999;0
91;1,4;999;0
92;1,78;999;0
93;1,89;999;0
94;1,51;999;0
95;1,43;999;0
96;1,82;999;0
97;1,87;999;0
98;1,47;999;0
99;1,45;999;0
100;1,85;999;0
